Column Name,Mean,Median,Mode
sepal_length,75.5,75.5,1.0
sepal_width,5.843333333333335,5.8,5.0
petal_length,3.0540000000000007,3.0,3.0
petal_width,3.7586666666666693,4.35,1.5
